call_addr	lua_name	helper
0x0005A56C	requestExit	void lua::LuaObject::registerMethod<GameLua, void (GameLua::*)()>(char const*, GameLua*, void (GameLua::*)())
0x0005A59C	print	void lua::LuaObject::registerMethod<GameLua, void (GameLua::*)(lang::String)>(char const*, GameLua*, void (GameLua::*)(lang::String))
0x0005A5CC	setBGColor	void lua::LuaObject::registerMethod<GameLua, void (GameLua::*)(float, float, float)>(char const*, GameLua*, void (GameLua::*)(float, float, float))
0x0005A624	createBox	lua::LuaObject::registerClosure(char const*, lua::LuaFunctor const*, int (*)(lua_State*))
0x0005A678	createCircle	lua::LuaObject::registerClosure(char const*, lua::LuaFunctor const*, int (*)(lua_State*))
0x0005A6C8	createPolygon	lua::LuaObject::registerClosure(char const*, lua::LuaFunctor const*, int (*)(lua_State*))
0x0005A6F8	createJoint	void lua::LuaObject::registerLuaMethod<GameLua>(char const*, GameLua*, int ({T0}::*)(lua::LuaState*))
0x0005A728	destroyJoint	void lua::LuaObject::registerMethod<GameLua, void (GameLua::*)(lang::String)>(char const*, GameLua*, void (GameLua::*)(lang::String))
0x0005A758	clearVertices	void lua::LuaObject::registerMethod<GameLua, void (GameLua::*)()>(char const*, GameLua*, void (GameLua::*)())
0x0005A7AC	addVertex	lua::LuaObject::registerClosure(char const*, lua::LuaFunctor const*, int (*)(lua_State*))
0x0005AAF4	applyImpulse	lua::LuaObject::registerClosure(char const*, lua::LuaFunctor const*, int (*)(lua_State*))
0x0005AB44	applyForce	lua::LuaObject::registerClosure(char const*, lua::LuaFunctor const*, int (*)(lua_State*))
0x0005AB74	setPosition	void lua::LuaObject::registerMethod<GameLua, void (GameLua::*)(lang::String, float, float)>(char const*, GameLua*, void (GameLua::*)(lang::String, float, float))
0x0005ABC8	setRotation	lua::LuaObject::registerClosure(char const*, lua::LuaFunctor const*, int (*)(lua_State*))
0x0005ABF8	setVelocity	void lua::LuaObject::registerMethod<GameLua, void (GameLua::*)(lang::String, float, float)>(char const*, GameLua*, void (GameLua::*)(lang::String, float, float))
0x0005AC48	setAngularVelocity	lua::LuaObject::registerClosure(char const*, lua::LuaFunctor const*, int (*)(lua_State*))
0x0005AC78	setPhysicsSimulationScale	void lua::LuaObject::registerMethod<GameLua, void (GameLua::*)(float)>(char const*, GameLua*, void (GameLua::*)(float))
0x0005ACA8	setPhysicsEnabled	void lua::LuaObject::registerMethod<GameLua, void (GameLua::*)(bool)>(char const*, GameLua*, void (GameLua::*)(bool))
0x0005ACD8	isPhysicsEnabled	void lua::LuaObject::registerMethod<GameLua, bool (GameLua::*)()>(char const*, GameLua*, bool (GameLua::*)())
0x0005AD28	setTopLeft	lua::LuaObject::registerClosure(char const*, lua::LuaFunctor const*, int (*)(lua_State*))
0x0005AD58	removeObject	void lua::LuaObject::registerMethod<GameLua, void (GameLua::*)(lang::String)>(char const*, GameLua*, void (GameLua::*)(lang::String))
0x0005AD88	setEditing	void lua::LuaObject::registerMethod<GameLua, void (GameLua::*)(bool)>(char const*, GameLua*, void (GameLua::*)(bool))
0x0005ADB8	setWorldScale	void lua::LuaObject::registerMethod<GameLua, void (GameLua::*)(float)>(char const*, GameLua*, void (GameLua::*)(float))
0x0005AE0C	drawRect	lua::LuaObject::registerClosure(char const*, lua::LuaFunctor const*, int (*)(lua_State*))
0x0005AE60	drawTexturedRect	lua::LuaObject::registerClosure(char const*, lua::LuaFunctor const*, int (*)(lua_State*))
0x0005AE90	setRenderState	void lua::LuaObject::registerLuaMethod<GameLua>(char const*, GameLua*, int ({T0}::*)(lua::LuaState*))
0x0005AEC0	loadLevel	void lua::LuaObject::registerMethod<GameLua, void (GameLua::*)(lang::String)>(char const*, GameLua*, void (GameLua::*)(lang::String))
0x0005AEF0	saveLevel	void lua::LuaObject::registerMethod<GameLua, void (GameLua::*)(lang::String)>(char const*, GameLua*, void (GameLua::*)(lang::String))
0x0005AF44	saveLuaFile	lua::LuaObject::registerClosure(char const*, lua::LuaFunctor const*, int (*)(lua_State*))
0x0005AF74	createDirectory	void lua::LuaObject::registerMethod<GameLua, void (GameLua::*)(lang::String)>(char const*, GameLua*, void (GameLua::*)(lang::String))
0x0005AFC8	checkDirectory	lua::LuaObject::registerClosure(char const*, lua::LuaFunctor const*, int (*)(lua_State*))
0x0005AFF8	drawGameNative	void lua::LuaObject::registerMethod<GameLua, void (GameLua::*)()>(char const*, GameLua*, void (GameLua::*)())
0x0005B028	drawBackgroundNative	void lua::LuaObject::registerMethod<GameLua, void (GameLua::*)()>(char const*, GameLua*, void (GameLua::*)())
0x0005B058	drawParticlesNative	void lua::LuaObject::registerMethod<GameLua, void (GameLua::*)()>(char const*, GameLua*, void (GameLua::*)())
0x0005B088	setSprite	void lua::LuaObject::registerMethod<GameLua, void (GameLua::*)(lang::String, lang::String)>(char const*, GameLua*, void (GameLua::*)(lang::String, lang::String))
0x0005B0B8	setMaterial	void lua::LuaObject::registerMethod<GameLua, void (GameLua::*)(lang::String, lang::String)>(char const*, GameLua*, void (GameLua::*)(lang::String, lang::String))
0x0005B0E8	setTexture	void lua::LuaObject::registerMethod<GameLua, void (GameLua::*)(lang::String, lang::String)>(char const*, GameLua*, void (GameLua::*)(lang::String, lang::String))
0x0005B118	setTheme	void lua::LuaObject::registerMethod<GameLua, void (GameLua::*)(lang::String)>(char const*, GameLua*, void (GameLua::*)(lang::String))
0x0005B16C	setSleeping	lua::LuaObject::registerClosure(char const*, lua::LuaFunctor const*, int (*)(lua_State*))
0x0005B1C0	drawLine2D	lua::LuaObject::registerClosure(char const*, lua::LuaFunctor const*, int (*)(lua_State*))
0x0005B1F0	drawForegroundNative	void lua::LuaObject::registerMethod<GameLua, void (GameLua::*)()>(char const*, GameLua*, void (GameLua::*)())
0x0005B220	setObjectParameter	void lua::LuaObject::registerMethod<GameLua, void (GameLua::*)(lang::String, float, float)>(char const*, GameLua*, void (GameLua::*)(lang::String, float, float))
0x0005B274	clipText	lua::LuaObject::registerClosure(char const*, lua::LuaFunctor const*, int (*)(lua_State*))
0x0005B2A4	startNewTrajectory	void lua::LuaObject::registerMethod<GameLua, void (GameLua::*)()>(char const*, GameLua*, void (GameLua::*)())
0x0005B2D4	addToTrajectory	void lua::LuaObject::registerMethod<GameLua, void (GameLua::*)(float, float, float)>(char const*, GameLua*, void (GameLua::*)(float, float, float))
0x0005B304	addPuffToTrajectory	void lua::LuaObject::registerMethod<GameLua, void (GameLua::*)(float, float, float)>(char const*, GameLua*, void (GameLua::*)(float, float, float))
0x0005B358	setLevelLimits	lua::LuaObject::registerClosure(char const*, lua::LuaFunctor const*, int (*)(lua_State*))
0x0005B388	goToTaskSwitcherLua	void lua::LuaObject::registerMethod<GameLua, void (GameLua::*)()>(char const*, GameLua*, void (GameLua::*)())
0x0005B3B8	setGameOn	void lua::LuaObject::registerMethod<GameLua, void (GameLua::*)(bool)>(char const*, GameLua*, void (GameLua::*)(bool))
0x0005B408	checkForLuaFile	lua::LuaObject::registerClosure(char const*, lua::LuaFunctor const*, int (*)(lua_State*))
0x0005B438	activateCrystalUI	void lua::LuaObject::registerMethod<GameLua, void (GameLua::*)()>(char const*, GameLua*, void (GameLua::*)())
0x0005B468	activateCrystalUIAtProfile	void lua::LuaObject::registerMethod<GameLua, void (GameLua::*)()>(char const*, GameLua*, void (GameLua::*)())
0x0005B498	deactivateCrystalUI	void lua::LuaObject::registerMethod<GameLua, void (GameLua::*)()>(char const*, GameLua*, void (GameLua::*)())
0x0005B4EC	postHighscore	lua::LuaObject::registerClosure(char const*, lua::LuaFunctor const*, int (*)(lua_State*))
0x0005B51C	unlockAchievement	void lua::LuaObject::registerMethod<GameLua, void (GameLua::*)(lang::String, lang::String)>(char const*, GameLua*, void (GameLua::*)(lang::String, lang::String))
0x0005B54C	showCrystalSplash	void lua::LuaObject::registerMethod<GameLua, void (GameLua::*)()>(char const*, GameLua*, void (GameLua::*)())
0x0005B57C	isCrystalSplashShowing	void lua::LuaObject::registerMethod<GameLua, bool (GameLua::*)()>(char const*, GameLua*, bool (GameLua::*)())
0x0005B5AC	isCrystalUIShowing	void lua::LuaObject::registerMethod<GameLua, bool (GameLua::*)()>(char const*, GameLua*, bool (GameLua::*)())
0x0005B5DC	userEnabledCrystal	void lua::LuaObject::registerMethod<GameLua, bool (GameLua::*)()>(char const*, GameLua*, bool (GameLua::*)())
0x0005B60C	avoidCrystalBackgroundActivity	void lua::LuaObject::registerMethod<GameLua, void (GameLua::*)(bool)>(char const*, GameLua*, void (GameLua::*)(bool))
0x0005B63C	initGameCenter	void lua::LuaObject::registerMethod<GameLua, void (GameLua::*)()>(char const*, GameLua*, void (GameLua::*)())
0x0005B66C	getLeaderboardScoresForPlayers	void lua::LuaObject::registerMethod<GameLua, void (GameLua::*)()>(char const*, GameLua*, void (GameLua::*)())
0x0005B69C	getLeaderboardScoresForRange	void lua::LuaObject::registerMethod<GameLua, void (GameLua::*)(lang::String, float, float)>(char const*, GameLua*, void (GameLua::*)(lang::String, float, float))
0x0005B6CC	showLeaderboards	void lua::LuaObject::registerMethod<GameLua, void (GameLua::*)()>(char const*, GameLua*, void (GameLua::*)())
0x0005B6FC	showAchievements	void lua::LuaObject::registerMethod<GameLua, void (GameLua::*)()>(char const*, GameLua*, void (GameLua::*)())
0x0005B72C	drawSome	void lua::LuaObject::registerMethod<GameLua, void (GameLua::*)(lang::String)>(char const*, GameLua*, void (GameLua::*)(lang::String))
0x0005B75C	showAdvertisement	void lua::LuaObject::registerMethod<GameLua, void (GameLua::*)()>(char const*, GameLua*, void (GameLua::*)())
0x0005B78C	hideAdvertisement	void lua::LuaObject::registerMethod<GameLua, void (GameLua::*)()>(char const*, GameLua*, void (GameLua::*)())
0x0005B7BC	showVideoAdvertisement	void lua::LuaObject::registerMethod<GameLua, void (GameLua::*)()>(char const*, GameLua*, void (GameLua::*)())
0x0005B7EC	requestVideoAd	void lua::LuaObject::registerMethod<GameLua, void (GameLua::*)()>(char const*, GameLua*, void (GameLua::*)())
0x0005B81C	requestAndShowVideo	void lua::LuaObject::registerMethod<GameLua, void (GameLua::*)()>(char const*, GameLua*, void (GameLua::*)())
0x0005B84C	requestAd	void lua::LuaObject::registerMethod<GameLua, void (GameLua::*)()>(char const*, GameLua*, void (GameLua::*)())
0x0005B87C	logFlurryEvent	void lua::LuaObject::registerMethod<GameLua, void (GameLua::*)(lang::String)>(char const*, GameLua*, void (GameLua::*)(lang::String))
0x0005B8D0	logFlurryEventWithParam	lua::LuaObject::registerClosure(char const*, lua::LuaFunctor const*, int (*)(lua_State*))
0x0005B900	logFlurryEventWithParams	void lua::LuaObject::registerMethod<GameLua, void (GameLua::*)(lang::String, lang::String)>(char const*, GameLua*, void (GameLua::*)(lang::String, lang::String))
0x0005B954	getAngle	lua::LuaObject::registerClosure(char const*, lua::LuaFunctor const*, int (*)(lua_State*))
0x0005B984	getWorldPoint	void lua::LuaObject::registerLuaMethod<GameLua>(char const*, GameLua*, int ({T0}::*)(lua::LuaState*))
0x0005B9B4	printGlobals	void lua::LuaObject::registerMethod<GameLua, void (GameLua::*)()>(char const*, GameLua*, void (GameLua::*)())
0x0005B9E4	playVideo	void lua::LuaObject::registerMethod<GameLua, void (GameLua::*)(lang::String)>(char const*, GameLua*, void (GameLua::*)(lang::String))
0x0005BA14	setMaxTranslation	void lua::LuaObject::registerMethod<GameLua, void (GameLua::*)(float)>(char const*, GameLua*, void (GameLua::*)(float))
